-- Ejemplos para la tabla INSTRUMENTO
INSERT INTO INSTRUMENTO (NOMBRE) VALUES ('Guitarra');
INSERT INTO INSTRUMENTO (NOMBRE) VALUES ('Batería');
INSERT INTO INSTRUMENTO (NOMBRE) VALUES ('Bajo');
INSERT INTO INSTRUMENTO (NOMBRE) VALUES ('Teclado');
INSERT INTO INSTRUMENTO (NOMBRE) VALUES ('Piano');
INSERT INTO INSTRUMENTO (NOMBRE) VALUES ('Violín');
INSERT INTO INSTRUMENTO (NOMBRE) VALUES ('Saxofón');
INSERT INTO INSTRUMENTO (NOMBRE) VALUES ('Voz');
INSERT INTO INSTRUMENTO (NOMBRE) VALUES ('Trompeta');

-- Ejemplos para la tabla ARTISTA
INSERT INTO ARTISTA (ID_ART, NOMBRE, DESCRIPCION, TIPO) VALUES (1, 'Queen', 'Banda de rock', 'b');
INSERT INTO ARTISTA (ID_ART, NOMBRE, DESCRIPCION, TIPO) VALUES (2, 'Freddie Mercury', 'Cantante principal', 's');
INSERT INTO ARTISTA (ID_ART, NOMBRE, DESCRIPCION, TIPO) VALUES (3, 'John Lennon', 'Cantante y guitarrista', 's');
INSERT INTO ARTISTA (ID_ART, NOMBRE, DESCRIPCION, TIPO) VALUES (4, 'The Rolling Stones', 'Banda de rock', 'b');
INSERT INTO ARTISTA (ID_ART, NOMBRE, DESCRIPCION, TIPO) VALUES (5, 'Michael Jackson', 'Rey del Pop', 's');
INSERT INTO ARTISTA (ID_ART, NOMBRE, DESCRIPCION, TIPO) VALUES (6, 'The Beatles', 'Banda de rock', 'b');
INSERT INTO ARTISTA (ID_ART, NOMBRE, DESCRIPCION, TIPO) VALUES (7, 'Miles Davis', 'Trompetista de jazz', 's');
INSERT INTO ARTISTA (ID_ART, NOMBRE, DESCRIPCION, TIPO) VALUES (8, 'Adele', 'Cantante de soul y pop', 's');

-- Ejemplos para la tabla INTEGRANTE
INSERT INTO INTEGRANTE (PROYECTO, MUSICO, FECHA_FIN, FECHA_INICIO) VALUES (1, 2, NULL, '2022-01-01');
INSERT INTO INTEGRANTE (PROYECTO, MUSICO, FECHA_FIN, FECHA_INICIO) VALUES (1, 3, '2022-12-31', '2022-01-01');
INSERT INTO INTEGRANTE (PROYECTO, MUSICO, FECHA_FIN, FECHA_INICIO) VALUES (4, 2, NULL, '2022-01-01');
INSERT INTO INTEGRANTE (PROYECTO, MUSICO, FECHA_FIN, FECHA_INICIO) VALUES (4, 3, NULL, '2022-01-01');
INSERT INTO INTEGRANTE (PROYECTO, MUSICO, FECHA_FIN, FECHA_INICIO) VALUES (7, 5, '2009-06-25', '2001-01-01');
INSERT INTO INTEGRANTE (PROYECTO, MUSICO, FECHA_FIN, FECHA_INICIO) VALUES (6, 3, NULL, '1960-01-01');
INSERT INTO INTEGRANTE (PROYECTO, MUSICO, FECHA_FIN, FECHA_INICIO) VALUES (8, 7, '1991-09-28', '1944-01-01');
INSERT INTO INTEGRANTE (PROYECTO, MUSICO, FECHA_FIN, FECHA_INICIO) VALUES (7, 8, NULL, '2006-01-01');

-- Ejemplos para la tabla QUETOCA
INSERT INTO QUETOCA (NOMBRE, PROYECTO, MUSICO, FECHA_INICIO) VALUES ('Voz', 1, 2, '2022-01-01');
INSERT INTO QUETOCA (NOMBRE, PROYECTO, MUSICO, FECHA_INICIO) VALUES ('Guitarra', 4, 3, '2022-01-01');
INSERT INTO QUETOCA (NOMBRE, PROYECTO, MUSICO, FECHA_INICIO) VALUES ('Batería', 1, 2, '2022-01-01');
INSERT INTO QUETOCA (NOMBRE, PROYECTO, MUSICO, FECHA_INICIO) VALUES ('Teclado', 4, 1, '2022-01-01');
INSERT INTO QUETOCA (NOMBRE, PROYECTO, MUSICO, FECHA_INICIO) VALUES ('Voz', 7, 5, '2001-01-01');
INSERT INTO QUETOCA (NOMBRE, PROYECTO, MUSICO, FECHA_INICIO) VALUES ('Guitarra', 6, 3, '1960-01-01');
INSERT INTO QUETOCA (NOMBRE, PROYECTO, MUSICO, FECHA_INICIO) VALUES ('Trompeta', 8, 7, '1944-01-01');
INSERT INTO QUETOCA (NOMBRE, PROYECTO, MUSICO, FECHA_INICIO) VALUES ('Voz', 7, 8, '2006-01-01');


-- Ejemplos para la tabla GENERO
INSERT INTO GENERO (NOMBRE) VALUES ('Rock');
INSERT INTO GENERO (NOMBRE) VALUES ('Pop');
INSERT INTO GENERO (NOMBRE) VALUES ('Jazz');
INSERT INTO GENERO (NOMBRE) VALUES ('Hip Hop');
INSERT INTO GENERO (NOMBRE) VALUES ('Rock alternativo');
INSERT INTO GENERO (NOMBRE) VALUES ('Jazz fusion');
INSERT INTO GENERO (NOMBRE) VALUES ('Soul');

-- Ejemplos para la tabla ALBUM
INSERT INTO ALBUM (ID_ALB, NOMBRE, DURACION, FECHA_LANZAMIENTO, ID_ART) VALUES (1, 'A Night at the Opera', 60, '1975-11-21', 1);
INSERT INTO ALBUM (ID_ALB, NOMBRE, DURACION, FECHA_LANZAMIENTO, ID_ART) VALUES (2, 'Imagine', 45, '1971-09-09', 3);
INSERT INTO ALBUM (ID_ALB, NOMBRE, DURACION, FECHA_LANZAMIENTO, ID_ART) VALUES (3, 'Sticky Fingers', 50, '1971-04-23', 4);
INSERT INTO ALBUM (ID_ALB, NOMBRE, DURACION, FECHA_LANZAMIENTO, ID_ART) VALUES (4, 'Bohemian Rhapsody: The Original Soundtrack', 70, '2018-10-19', 1);
INSERT INTO ALBUM (ID_ALB, NOMBRE, DURACION, FECHA_LANZAMIENTO, ID_ART) VALUES (5, 'Thriller', 42, '1982-11-30', 5);
INSERT INTO ALBUM (ID_ALB, NOMBRE, DURACION, FECHA_LANZAMIENTO, ID_ART) VALUES (6, 'Abbey Road', 47, '1969-09-26', 6);
INSERT INTO ALBUM (ID_ALB, NOMBRE, DURACION, FECHA_LANZAMIENTO, ID_ART) VALUES (7, 'Kind of Blue', 45, '1959-08-17', 7);
INSERT INTO ALBUM (ID_ALB, NOMBRE, DURACION, FECHA_LANZAMIENTO, ID_ART) VALUES (8, '21', 48, '2011-01-19', 8);

-- Ejemplos para la tabla TIPO
INSERT INTO TIPO (ID_ALB, NOMBRE) VALUES (1, 'Rock');
INSERT INTO TIPO (ID_ALB, NOMBRE) VALUES (2, 'Pop');
INSERT INTO TIPO (ID_ALB, NOMBRE) VALUES (3, 'Rock');
INSERT INTO TIPO (ID_ALB, NOMBRE) VALUES (4, 'Rock');
INSERT INTO TIPO (ID_ALB, NOMBRE) VALUES (5, 'Pop');
INSERT INTO TIPO (ID_ALB, NOMBRE) VALUES (6, 'Rock');
INSERT INTO TIPO (ID_ALB, NOMBRE) VALUES (7, 'Jazz');
INSERT INTO TIPO (ID_ALB, NOMBRE) VALUES (8, 'Pop');

-- Ejemplos para la tabla CANCION
INSERT INTO CANCION (ID_CAN, ID_ALB, NOMBRE, DURACION) VALUES (1, 1, 'Bohemian Rhapsody', 390);
INSERT INTO CANCION (ID_CAN, ID_ALB, NOMBRE, DURACION) VALUES (2, 2, 'Imagine', 200);
INSERT INTO CANCION (ID_CAN, ID_ALB, NOMBRE, DURACION) VALUES (3, 3, 'Wild Horses', 330);
INSERT INTO CANCION (ID_CAN, ID_ALB, NOMBRE, DURACION) VALUES (4, 4, 'Somebody to Love', 295);
INSERT INTO CANCION (ID_CAN, ID_ALB, NOMBRE, DURACION) VALUES (5, 5, 'Billie Jean', 294);
INSERT INTO CANCION (ID_CAN, ID_ALB, NOMBRE, DURACION) VALUES (6, 6, 'Come Together', 258);
INSERT INTO CANCION (ID_CAN, ID_ALB, NOMBRE, DURACION) VALUES (7, 7, 'So What', 562);
INSERT INTO CANCION (ID_CAN, ID_ALB, NOMBRE, DURACION) VALUES (8, 8, 'Rolling in the Deep', 228);

-- Ejemplos para la tabla USUARIO
INSERT INTO USUARIO (ID_US, NOMBRE, APELLIDO, EMAIL) VALUES (1, 'Juan', 'Pérez', 'juan.perez@email.com');
INSERT INTO USUARIO (ID_US, NOMBRE, APELLIDO, EMAIL) VALUES (2, 'María', 'Gómez', 'maria.gomez@email.com');
INSERT INTO USUARIO (ID_US, NOMBRE, APELLIDO, EMAIL) VALUES (3, 'Carlos', 'López', 'carlos.lopez@email.com');
INSERT INTO USUARIO (ID_US, NOMBRE, APELLIDO, EMAIL) VALUES (4, 'Ana', 'Martínez', 'ana.martinez@email.com');
INSERT INTO USUARIO (ID_US, NOMBRE, APELLIDO, EMAIL) VALUES (5, 'Laura', 'Hernández', 'laura.hernandez@email.com');
INSERT INTO USUARIO (ID_US, NOMBRE, APELLIDO, EMAIL) VALUES (6, 'Roberto', 'Fernández', 'roberto.fernandez@email.com');
INSERT INTO USUARIO (ID_US, NOMBRE, APELLIDO, EMAIL) VALUES (7, 'Isabel', 'García', 'isabel.garcia@email.com');
INSERT INTO USUARIO (ID_US, NOMBRE, APELLIDO, EMAIL) VALUES (8, 'Fernando', 'Sánchez', 'fernando.sanchez@email.com');


-- Ejemplos para la tabla GUSTA
INSERT INTO GUSTA (ID_US, ID_CAN) VALUES (1, 1);
INSERT INTO GUSTA (ID_US, ID_CAN) VALUES (2, 2);
INSERT INTO GUSTA (ID_US, ID_CAN) VALUES (3, 3);
INSERT INTO GUSTA (ID_US, ID_CAN) VALUES (4, 4);
INSERT INTO GUSTA (ID_US, ID_CAN) VALUES (5, 5);
INSERT INTO GUSTA (ID_US, ID_CAN) VALUES (6, 6);
INSERT INTO GUSTA (ID_US, ID_CAN) VALUES (7, 7);
INSERT INTO GUSTA (ID_US, ID_CAN) VALUES (8, 8);
INSERT INTO GUSTA (ID_US, ID_CAN) VALUES (5, 7);
INSERT INTO GUSTA (ID_US, ID_CAN) VALUES (6, 2);
INSERT INTO GUSTA (ID_US, ID_CAN) VALUES (6, 4);
INSERT INTO GUSTA (ID_US, ID_CAN) VALUES (7, 1);
INSERT INTO GUSTA (ID_US, ID_CAN) VALUES (7, 3);
INSERT INTO GUSTA (ID_US, ID_CAN) VALUES (8, 6);

-- Ejemplos para la tabla ESCUCHA
INSERT INTO ESCUCHA (ID_US, ID_CAN, FECHA_HORA) VALUES (1, 1, '2022-01-15 08:30:00');
INSERT INTO ESCUCHA (ID_US, ID_CAN, FECHA_HORA) VALUES (2, 2, '2022-01-15 09:45:00');
INSERT INTO ESCUCHA (ID_US, ID_CAN, FECHA_HORA) VALUES (3, 3, '2022-01-15 10:30:00');
INSERT INTO ESCUCHA (ID_US, ID_CAN, FECHA_HORA) VALUES (4, 4, '2022-01-15 11:15:00');
INSERT INTO ESCUCHA (ID_US, ID_CAN, FECHA_HORA) VALUES (5, 5, '2022-01-15 13:20:00');
INSERT INTO ESCUCHA (ID_US, ID_CAN, FECHA_HORA) VALUES (6, 6, '2022-01-15 14:45:00');
INSERT INTO ESCUCHA (ID_US, ID_CAN, FECHA_HORA) VALUES (7, 7, '2022-01-15 16:30:00');
INSERT INTO ESCUCHA (ID_US, ID_CAN, FECHA_HORA) VALUES (8, 8, '2022-01-15 18:15:00');
INSERT INTO ESCUCHA (ID_US, ID_CAN, FECHA_HORA) VALUES (5, 1, '2022-01-16 08:30:00');
INSERT INTO ESCUCHA (ID_US, ID_CAN, FECHA_HORA) VALUES (5, 2, '2022-01-16 09:45:00');
INSERT INTO ESCUCHA (ID_US, ID_CAN, FECHA_HORA) VALUES (5, 4, '2022-01-16 10:30:00');
INSERT INTO ESCUCHA (ID_US, ID_CAN, FECHA_HORA) VALUES (6, 3, '2022-01-16 11:15:00');
INSERT INTO ESCUCHA (ID_US, ID_CAN, FECHA_HORA) VALUES (6, 5, '2022-01-16 12:00:00');
INSERT INTO ESCUCHA (ID_US, ID_CAN, FECHA_HORA) VALUES (7, 7, '2022-01-16 13:30:00');
INSERT INTO ESCUCHA (ID_US, ID_CAN, FECHA_HORA) VALUES (7, 8, '2022-01-16 14:45:00');
INSERT INTO ESCUCHA (ID_US, ID_CAN, FECHA_HORA) VALUES (8, 1, '2022-01-16 15:30:00');
INSERT INTO ESCUCHA (ID_US, ID_CAN, FECHA_HORA) VALUES (8, 3, '2022-01-16 16:15:00');

-- Ejemplos para la tabla PLAYLIST
INSERT INTO PLAYLIST (ID_US, DURACION, NOMBRE) VALUES (1, 20, 'Mis Favoritas');
INSERT INTO PLAYLIST (ID_US, DURACION, NOMBRE) VALUES (2, 15, 'Relax');
INSERT INTO PLAYLIST (ID_US, DURACION, NOMBRE) VALUES (3, 30, 'Canciones para estudiar');
INSERT INTO PLAYLIST (ID_US, DURACION, NOMBRE) VALUES (4, 25, 'Viaje en carretera');
INSERT INTO PLAYLIST (ID_US, DURACION, NOMBRE) VALUES (5, 22, 'Éxitos de Michael');
INSERT INTO PLAYLIST (ID_US, DURACION, NOMBRE) VALUES (6, 18, 'Beatles Forever');
INSERT INTO PLAYLIST (ID_US, DURACION, NOMBRE) VALUES (7, 30, 'Jazz Classics');
INSERT INTO PLAYLIST (ID_US, DURACION, NOMBRE) VALUES (8, 25, 'Adele Hits');

-- Ejemplos para la tabla CONTIENE
INSERT INTO CONTIENE (ID_US, ID_CAN, NOMBRE) VALUES (1, 1, 'Mis Favoritas');
INSERT INTO CONTIENE (ID_US, ID_CAN, NOMBRE) VALUES (2, 2, 'Relax');
INSERT INTO CONTIENE (ID_US, ID_CAN, NOMBRE) VALUES (3, 3, 'Canciones para estudiar');
INSERT INTO CONTIENE (ID_US, ID_CAN, NOMBRE) VALUES (4, 4, 'Viaje en carretera');
INSERT INTO CONTIENE (ID_US, ID_CAN, NOMBRE) VALUES (5, 5, 'Éxitos de Michael');
INSERT INTO CONTIENE (ID_US, ID_CAN, NOMBRE) VALUES (6, 6, 'Beatles Forever');
INSERT INTO CONTIENE (ID_US, ID_CAN, NOMBRE) VALUES (7, 7, 'Jazz Classics');
INSERT INTO CONTIENE (ID_US, ID_CAN, NOMBRE) VALUES (8, 8, 'Adele Hits');
INSERT INTO CONTIENE (ID_US, ID_CAN, NOMBRE) VALUES (5, 2, 'Éxitos de Michael');
INSERT INTO CONTIENE (ID_US, ID_CAN, NOMBRE) VALUES (5, 3, 'Éxitos de Michael');
INSERT INTO CONTIENE (ID_US, ID_CAN, NOMBRE) VALUES (5, 4, 'Éxitos de Michael');
INSERT INTO CONTIENE (ID_US, ID_CAN, NOMBRE) VALUES (5, 6, 'Éxitos de Michael');
INSERT INTO CONTIENE (ID_US, ID_CAN, NOMBRE) VALUES (6, 1, 'Beatles Forever');
INSERT INTO CONTIENE (ID_US, ID_CAN, NOMBRE) VALUES (6, 3, 'Beatles Forever');
INSERT INTO CONTIENE (ID_US, ID_CAN, NOMBRE) VALUES (6, 5, 'Beatles Forever');
INSERT INTO CONTIENE (ID_US, ID_CAN, NOMBRE) VALUES (6, 7, 'Beatles Forever');
INSERT INTO CONTIENE (ID_US, ID_CAN, NOMBRE) VALUES (7, 1, 'Jazz Classics');
INSERT INTO CONTIENE (ID_US, ID_CAN, NOMBRE) VALUES (7, 4, 'Jazz Classics');
INSERT INTO CONTIENE (ID_US, ID_CAN, NOMBRE) VALUES (7, 8, 'Jazz Classics');
INSERT INTO CONTIENE (ID_US, ID_CAN, NOMBRE) VALUES (8, 2, 'Adele Hits');
INSERT INTO CONTIENE (ID_US, ID_CAN, NOMBRE) VALUES (8, 4, 'Adele Hits');
INSERT INTO CONTIENE (ID_US, ID_CAN, NOMBRE) VALUES (8, 6, 'Adele Hits');